{
  "project_info": {
    "project_number": "573843129404",
    "firebase_url": "https://michaelqrcode.firebaseio.com",
    "project_id": "michaelqrcode",
    "storage_bucket": "michaelqrcode.appspot.com"
  },
  "client": [
    {
      "client_info": {
        "mobilesdk_app_id": "1:573843129404:android:8be762730becf3338aaf39",
        "android_client_info": {
          "package_name": "project.android.myapplication"
        }
      },
      "oauth_client": [
        {
          "client_id": "573843129404-cq7uloej9r8bht8uebga8g1g54opl31i.apps.googleusercontent.com",
          "client_type": 3
        }
      ],
      "api_key": [
        {
          "current_key": "AIzaSyCYbRNsbKSv2U8iFjuit8dFYSERjMBUm7M"
        }
      ],
      "services": {
        "appinvite_service": {
          "other_platform_oauth_client": [
            {
              "client_id": "573843129404-cq7uloej9r8bht8uebga8g1g54opl31i.apps.googleusercontent.com",
              "client_type": 3
            }
          ]
        }
      }
    }
  ],
  "configuration_version": "1"
}